{
  "TMP2m": {
    "hqnn": {
      "params": {
        "seq_len": 7,
        "hidden": 16,
        "lr": 0.0028117545731550027,
        "wd": 2.016300064092194e-05,
        "dropout": 0.302029114877209
      },
      "val_mse": 0.00282
    }
  },
  "RH2m": {
    "hqnn": {
      "params": {
        "seq_len": 14,
        "hidden": 16,
        "lr": 0.0005034505386968292,
        "wd": 0.00020244740819328017,
        "dropout": 0.3862751303250339
      },
      "val_mse": 0.006972
    }
  },
  "PRmsl": {
    "hqnn": {
      "params": {
        "seq_len": 7,
        "hidden": 16,
        "lr": 0.0029707173353923904,
        "wd": 1.4177935591007072e-06,
        "dropout": 0.2242839480920864
      },
      "val_mse": 0.004537
    }
  }
}