{
  "TMP2m": {
    "hqnn": {
      "params": {
        "seq_len": 21,
        "hidden": 16,
        "lr": 0.0005666539229227753,
        "wd": 8.6502622153881e-06,
        "dropout": 0.1514750383642792
      },
      "val_mse": 0.001765
    }
  },
  "RH2m": {
    "hqnn": {
      "params": {
        "seq_len": 14,
        "hidden": 16,
        "lr": 0.0022841214888387525,
        "wd": 5.0210575883741764e-05,
        "dropout": 0.20351685573676193
      },
      "val_mse": 0.004439
    }
  },
  "PRmsl": {
    "hqnn": {
      "params": {
        "seq_len": 7,
        "hidden": 16,
        "lr": 0.004912534937916256,
        "wd": 0.00010727134758531908,
        "dropout": 0.25184523898681105
      },
      "val_mse": 0.002573
    }
  }
}