{
  "TMP2m": {
    "lstm": {
      "params": {
        "seq_len": 14,
        "hidden": 32,
        "lr": 0.0010622670467999263,
        "wd": 7.472549922211743e-05,
        "dropout": 0.08469242820005499
      },
      "val_mse": 0.002447
    },
    "qlstm": {
      "params": {
        "seq_len": 7,
        "hidden": 64,
        "lr": 0.004821353626055614,
        "wd": 2.2337100513741864e-05,
        "dropout": 0.006147482740763206
      },
      "val_mse": 0.002401
    },
    "gru": {
      "params": {
        "seq_len": 7,
        "hidden": 64,
        "lr": 0.0008570938484361077,
        "wd": 1.8941333937528753e-05,
        "dropout": 0.16115644538578403
      },
      "val_mse": 0.002394
    },
    "qgru": {
      "params": {
        "seq_len": 14,
        "hidden": 64,
        "lr": 0.0011426792349691526,
        "wd": 1.0935907245274606e-06,
        "dropout": 0.0877052872244323
      },
      "val_mse": 0.00234
    },
    "ann": {
      "params": {
        "seq_len": 7,
        "hidden": 32,
        "lr": 0.0022695717915617378,
        "wd": 1.6027078027062446e-05,
        "dropout": 0.007123978758370508
      },
      "val_mse": 0.002403
    },
    "hqnn": {
      "params": {
        "seq_len": 14,
        "hidden": 16,
        "lr": 0.0049770549244686196,
        "wd": 1.2312653585269532e-05,
        "dropout": 0.3512558997666523
      },
      "val_mse": 0.002396
    }
  },
  "RH2m": {
    "lstm": {
      "params": {
        "seq_len": 30,
        "hidden": 64,
        "lr": 0.0006579364189869363,
        "wd": 1.93264551952916e-06,
        "dropout": 0.31601221883767355
      },
      "val_mse": 0.008154
    },
    "qlstm": {
      "params": {
        "seq_len": 30,
        "hidden": 64,
        "lr": 0.0008494707245634804,
        "wd": 7.419697171923045e-05,
        "dropout": 0.337369698102668
      },
      "val_mse": 0.007499
    },
    "gru": {
      "params": {
        "seq_len": 7,
        "hidden": 64,
        "lr": 0.0011396168353355158,
        "wd": 1.0140115000803387e-06,
        "dropout": 0.36799701949900293
      },
      "val_mse": 0.008552
    },
    "qgru": {
      "params": {
        "seq_len": 30,
        "hidden": 32,
        "lr": 0.003928924822843175,
        "wd": 0.0005622167090865655,
        "dropout": 0.18477068652855846
      },
      "val_mse": 0.008029
    },
    "ann": {
      "params": {
        "seq_len": 30,
        "hidden": 64,
        "lr": 0.0036088869507612748,
        "wd": 1.1365311104868352e-06,
        "dropout": 0.22498214872322833
      },
      "val_mse": 0.007707
    },
    "hqnn": {
      "params": {
        "seq_len": 30,
        "hidden": 16,
        "lr": 0.0010507765451872944,
        "wd": 2.998384368620591e-05,
        "dropout": 0.2791788744213833
      },
      "val_mse": 0.008162
    }
  },
  "PRmsl": {
    "lstm": {
      "params": {
        "seq_len": 21,
        "hidden": 64,
        "lr": 0.0037110557578559655,
        "wd": 2.5360331170879543e-06,
        "dropout": 0.10607564871127342
      },
      "val_mse": 0.003985
    },
    "qlstm": {
      "params": {
        "seq_len": 30,
        "hidden": 64,
        "lr": 0.00048639275108940604,
        "wd": 4.3404543344633276e-05,
        "dropout": 0.3538630602731134
      },
      "val_mse": 0.004119
    },
    "gru": {
      "params": {
        "seq_len": 7,
        "hidden": 64,
        "lr": 0.002340247226061333,
        "wd": 6.48398256810524e-06,
        "dropout": 0.1532687841629221
      },
      "val_mse": 0.00398
    },
    "qgru": {
      "params": {
        "seq_len": 7,
        "hidden": 64,
        "lr": 0.0017285398996159617,
        "wd": 2.4209851863259413e-06,
        "dropout": 0.02521196512935525
      },
      "val_mse": 0.004053
    },
    "ann": {
      "params": {
        "seq_len": 7,
        "hidden": 32,
        "lr": 0.0013858209763951059,
        "wd": 2.857622258043343e-06,
        "dropout": 0.39258084424108647
      },
      "val_mse": 0.004204
    },
    "hqnn": {
      "params": {
        "seq_len": 30,
        "hidden": 16,
        "lr": 0.0025122018103573077,
        "wd": 7.605754642876411e-05,
        "dropout": 0.19372993931927623
      },
      "val_mse": 0.004194
    }
  }
}