{
  "TMP2m": {
    "hqnn": {
      "params": {
        "seq_len": 7,
        "hidden": 64,
        "lr": 0.004044517686622076,
        "wd": 1.362678922866869e-06,
        "dropout": 0.3865337895210966
      },
      "val_mse": 0.003539
    }
  },
  "RH2m": {
    "hqnn": {
      "params": {
        "seq_len": 7,
        "hidden": 32,
        "lr": 0.00478210595875665,
        "wd": 0.00022108291653557944,
        "dropout": 0.09221437926527726
      },
      "val_mse": 0.008654
    }
  },
  "PRmsl": {
    "hqnn": {
      "params": {
        "seq_len": 7,
        "hidden": 32,
        "lr": 0.0014868716893438575,
        "wd": 1.330454781274782e-06,
        "dropout": 0.18277955024053125
      },
      "val_mse": 0.006845
    }
  }
}