{
  "TMP2m": {
    "hqnn": {
      "params": {
        "seq_len": 7,
        "hidden": 32,
        "lr": 0.0021401868962709534,
        "wd": 2.9510830960684993e-05,
        "dropout": 0.25009559216785604
      },
      "val_mse": 0.002511
    }
  },
  "RH2m": {
    "hqnn": {
      "params": {
        "seq_len": 21,
        "hidden": 32,
        "lr": 0.004282066343923091,
        "wd": 8.779960794021176e-06,
        "dropout": 0.3149316854271131
      },
      "val_mse": 0.006094
    }
  },
  "PRmsl": {
    "hqnn": {
      "params": {
        "seq_len": 14,
        "hidden": 16,
        "lr": 0.0014656881977181755,
        "wd": 5.695283477360867e-05,
        "dropout": 0.0628661995621973
      },
      "val_mse": 0.002572
    }
  }
}