{
  "TMP2m": {
    "lstm": {
      "params": {
        "seq_len": 30,
        "hidden": 64,
        "lr": 0.004982262276240284,
        "wd": 8.80872603432616e-06,
        "dropout": 0.34196571585877467
      },
      "val_mse": 0.001406
    },
    "qlstm": {
      "params": {
        "seq_len": 7,
        "hidden": 64,
        "lr": 0.003407080615482254,
        "wd": 2.7559644692561027e-06,
        "dropout": 0.2231304967173412
      },
      "val_mse": 0.001455
    },
    "gru": {
      "params": {
        "seq_len": 7,
        "hidden": 32,
        "lr": 0.0023069454050288507,
        "wd": 1.6629535166054438e-06,
        "dropout": 0.21230523179884975
      },
      "val_mse": 0.00147
    },
    "qgru": {
      "params": {
        "seq_len": 14,
        "hidden": 64,
        "lr": 0.003010610331225023,
        "wd": 5.6068162643715796e-05,
        "dropout": 0.07598899108269251
      },
      "val_mse": 0.001436
    },
    "ann": {
      "params": {
        "seq_len": 14,
        "hidden": 64,
        "lr": 0.0018041962093364775,
        "wd": 0.00010601860619030463,
        "dropout": 0.3578390184345861
      },
      "val_mse": 0.001447
    },
    "hqnn": {
      "params": {
        "seq_len": 7,
        "hidden": 16,
        "lr": 0.0024829585482345146,
        "wd": 3.4099379983734413e-06,
        "dropout": 0.04386830152206689
      },
      "val_mse": 0.00155
    }
  },
  "RH2m": {
    "lstm": {
      "params": {
        "seq_len": 30,
        "hidden": 32,
        "lr": 0.004974085878353958,
        "wd": 5.586243519631304e-05,
        "dropout": 0.39106755875418586
      },
      "val_mse": 0.00428
    },
    "qlstm": {
      "params": {
        "seq_len": 30,
        "hidden": 32,
        "lr": 0.004573604323162599,
        "wd": 1.4834248045849764e-05,
        "dropout": 0.2733151123140182
      },
      "val_mse": 0.004153
    },
    "gru": {
      "params": {
        "seq_len": 30,
        "hidden": 64,
        "lr": 0.0033652844864389846,
        "wd": 4.503697050971426e-05,
        "dropout": 0.1808422793370168
      },
      "val_mse": 0.004308
    },
    "qgru": {
      "params": {
        "seq_len": 30,
        "hidden": 32,
        "lr": 0.004136192031473133,
        "wd": 3.332411251322461e-05,
        "dropout": 0.24063481190837668
      },
      "val_mse": 0.004224
    },
    "ann": {
      "params": {
        "seq_len": 30,
        "hidden": 16,
        "lr": 0.0003116863990939111,
        "wd": 0.00010642943679070786,
        "dropout": 0.3207568856096176
      },
      "val_mse": 0.004738
    },
    "hqnn": {
      "params": {
        "seq_len": 30,
        "hidden": 64,
        "lr": 0.002397949328116541,
        "wd": 6.294169890603185e-05,
        "dropout": 0.1801178747905618
      },
      "val_mse": 0.004399
    }
  },
  "PRmsl": {
    "lstm": {
      "params": {
        "seq_len": 14,
        "hidden": 32,
        "lr": 0.003706982595182238,
        "wd": 1.0652219439026253e-05,
        "dropout": 0.07322627249085618
      },
      "val_mse": 0.001752
    },
    "qlstm": {
      "params": {
        "seq_len": 30,
        "hidden": 64,
        "lr": 0.004993183098591605,
        "wd": 5.456195874378496e-06,
        "dropout": 0.2238530034677738
      },
      "val_mse": 0.001798
    },
    "gru": {
      "params": {
        "seq_len": 7,
        "hidden": 32,
        "lr": 0.0027143520478033834,
        "wd": 4.528687862788115e-05,
        "dropout": 0.06517650050972375
      },
      "val_mse": 0.001767
    },
    "qgru": {
      "params": {
        "seq_len": 30,
        "hidden": 64,
        "lr": 0.004657038065529369,
        "wd": 4.252002237552033e-06,
        "dropout": 0.08209753280024466
      },
      "val_mse": 0.001783
    },
    "ann": {
      "params": {
        "seq_len": 14,
        "hidden": 64,
        "lr": 0.001673155470140503,
        "wd": 2.385405622620129e-06,
        "dropout": 0.07626757009581943
      },
      "val_mse": 0.001962
    },
    "hqnn": {
      "params": {
        "seq_len": 21,
        "hidden": 16,
        "lr": 0.0013661033110148836,
        "wd": 5.287751260858781e-06,
        "dropout": 0.29200159351112265
      },
      "val_mse": 0.001881
    }
  }
}